"","myAUC","avg_diff","power","pct.1","pct.2","cluster","gene"
"SAT1",0.83,0.964742323267207,0.66,0.991,0.928,"3","SAT1"
"ACS",0.775,0.702951700749008,0.55,0.937,0.784,"3","ACS"
"APR21",0.768,0.747748499685208,0.536,0.992,0.938,"3","APR2"
"MEX1",0.746,0.797061685558156,0.492,0.539,0.071,"3","MEX1"
"ISA3",0.726,0.70047209640587,0.452,0.485,0.048,"3","ISA3"
"AT2G43090",0.725,0.474930644875289,0.45,0.933,0.826,"3","AT2G43090"
"SIB1",0.718,1.05547049095012,0.436,0.532,0.134,"3","SIB1"
"NUDT21",0.705,0.623543043031081,0.41,0.704,0.435,"3","NUDT21"
